CNMIRAGE.NET|604800|2371|13|2|4B7D6874820EDC9CA2A2D3A43FF8F247F48A71F3CA79AC2383416BEB042E0969
FANTASYSKY.NET|604800|2371|13|2|9F0B74408B343B977FF77AE521EDB6D8F3F9535A553557024CCD8BF1631B5609
JIBBERT.NET|604800|38314|5|1|C9944A283372E00DAC05C9B2345D654A9370A4E4
JIBBERT.NET|604800|23494|5|1|A29189ED146CA6F9DAA8F382F28D96D4C9261963
DJZ.NET|604800|41182|8|2|953118015B88D816FE5C21C057252B381F174A4806E23075F7FC312ECB5A6F60
DJZ.NET|604800|41182|8|1|8B77E2F5B35745C7E520ED64CDB79BEDAE95FD3A
U6S.NET|604800|2371|13|2|20EA3E0D520818126B34BFC06C1F2C0C39CAA0648D18A7A82A98A21FF6287B50
HTMLX.NET|604800|2371|13|2|97E3A3CD136D075B5C5ABC6C26D9C9C3F67EBC2EF9B23CD1C1E4742B7EB03CD7
JXDHJXW.NET|604800|26137|8|1|3E0C41D776B6EA38C2C296A2832B199AD38E3326
X5U.NET|604800|0|12|2|66DC6E3C3A58AAA3E8B092CC060D5ABD66DC6E3C3A58AAA3E8B092CC060D5ABD
AIRMANGO.NET|604800|2371|13|2|25023E15A420C3AA3FE38BCD1E71ED035FF483AC58CCA411718B61900F7421E0
WUDIAN.NET|604800|45502|5|1|9C58B6E036186566265D3F7299C5C76D3BE02F6E
1060.NET|604800|34929|7|1|E3926233EC16AFAF2A430AFE03D1059DEA07128C
DAWNDREAM.NET|604800|60262|8|1|5D254DA81A283D1663B23AEBCA0289DB82181D56
DAWNDREAM.NET|604800|20761|8|1|2A9BC84E797000538F42E1C9FA5A69C6FF806A1D
CODEV5.NET|604800|1024|5|2|7539518524560000000000000000000000000000000000000000000000000000
FXLP.NET|604800|56115|7|1|A9A1F8812F87A12956B2D5AB1B8792346D490ACC
SMARTHOMEDB.NET|604800|49911|7|1|255767514685B37C85EDA5BA6B498424659B0DDB
